conf_id,year,area
conf/aaai/2000,2000,computer_science
conf/aaai/2002,2002,computer_science
conf/aaai/2004,2004,computer_science
conf/aaai/2005,2005,computer_science
conf/aaai/2006,2006,computer_science
conf/aaai/2007,2007,computer_science
conf/aaai/2008,2008,computer_science
conf/aaai/2010,2010,computer_science
conf/aaai/2010abstr,2010,computer_science
conf/aaai/2010coll,2010,computer_science
conf/aaai/2010game,2010,computer_science
conf/aaai/2010meta,2010,computer_science
conf/aaai/2010middle,2010,computer_science
conf/aaai/2010plan,2010,computer_science
conf/aaai/2010recog,2010,computer_science
conf/aaai/2010stat,2010,computer_science
conf/aaai/2010visual,2010,computer_science
conf/aaai/2011,2011,computer_science
conf/aaai/2011aap,2011,computer_science
conf/aaai/2011aarrm,2011,computer_science
conf/aaai/2011acr,2011,computer_science
conf/aaai/2011agents,2011,computer_science
conf/aaai/2011aisl,2011,computer_science
conf/aaai/2011am,2011,computer_science
conf/aaai/2011care,2011,computer_science
conf/aaai/2011cloud,2011,computer_science
conf/aaai/2011cmna,2011,computer_science
conf/aaai/2011game,2011,computer_science
conf/aaai/2011hc,2011,computer_science
conf/aaai/2011learning,2011,computer_science
conf/aaai/2011plan,2011,computer_science
conf/aaai/2011visual,2011,computer_science
conf/aaai/2012,2012,computer_science
conf/aaai/2013,2013,computer_science
conf/aaai/2013late,2013,computer_science
conf/aaai/2013learning,2013,computer_science
conf/aaai/2013plan,2013,computer_science
conf/aaai/2013space,2013,computer_science
conf/aaai/2013stat,2013,computer_science
conf/aaai/2013trading,2013,computer_science
conf/aaai/2014,2014,computer_science
conf/aaai/2014maiha,2014,computer_science
conf/aaai/2014mpref,2014,computer_science
conf/aaai/2014stat,2014,computer_science
conf/aaai/2015,2015,computer_science
conf/aaai/2015aconfig,2015,computer_science
conf/aaai/2015assistive,2015,computer_science
conf/aaai/2015cities,2015,computer_science
conf/aaai/2015ethics,2015,computer_science
conf/aaai/2015games,2015,computer_science
conf/aaai/2015poker,2015,computer_science
conf/aaai/2015robot,2015,computer_science
conf/aaai/2015sbd,2015,computer_science
conf/aaai/2015sustainability,2015,computer_science
conf/aaai/2015transportation,2015,computer_science
conf/aaai/2015trust,2015,computer_science
conf/aaai/2015w3phi,2015,computer_science
conf/aaai/2016,2016,computer_science
conf/aaai/2016assistive,2016,computer_science
conf/aaai/2016cognitive,2016,computer_science
conf/aaai/2016data,2016,computer_science
conf/aaai/2016ethics,2016,computer_science
conf/aaai/2016grid,2016,computer_science
conf/aaai/2016health,2016,computer_science
conf/aaai/2016hybrid,2016,computer_science
conf/aaai/2016learning,2016,computer_science
conf/aaai/2016ma,2016,computer_science
conf/aaai/2016np,2016,computer_science
conf/aaai/2016poker,2016,computer_science
conf/aaai/2016security,2016,computer_science
conf/aaai/2016text,2016,computer_science
conf/aaai/2016trust,2016,computer_science
conf/aaai/2016wwwhi,2016,computer_science
conf/aaai/BowmanTB00,2000,computer_science
conf/aaai/Johnson00,2000,computer_science
conf/acl/2000,2000,computer_science
conf/acl/2001,2001,computer_science
conf/acl/2001c,2001,computer_science
conf/acl/2002,2002,computer_science
conf/acl/2002bio,2002,computer_science
conf/acl/2003,2003,computer_science
conf/acl/2003c,2003,computer_science
conf/acl/2004,2004,computer_science
conf/acl/2005,2005,computer_science
conf/acl/2006,2006,computer_science
conf/acl/2007,2007,computer_science
conf/acl/2008,2008,computer_science
conf/acl/2008d,2008,computer_science
conf/acl/2008r,2008,computer_science
conf/acl/2008s,2008,computer_science
conf/acl/2008t,2008,computer_science
conf/acl/2009,2009,computer_science
conf/acl/2009d,2009,computer_science
conf/acl/2009r,2009,computer_science
conf/acl/2009s,2009,computer_science
conf/acl/2010,2010,computer_science
conf/acl/2010d,2010,computer_science
conf/acl/2010r,2010,computer_science
conf/acl/2010s,2010,computer_science
conf/acl/2011,2011,computer_science
conf/acl/2011d,2011,computer_science
conf/acl/2011r,2011,computer_science
conf/acl/2011s,2011,computer_science
conf/acl/2011t,2011,computer_science
conf/acl/2012-1,2012,computer_science
conf/acl/2012-2,2012,computer_science
conf/acl/2012d,2012,computer_science
conf/acl/2012t,2012,computer_science
conf/acl/2013-1,2013,computer_science
conf/acl/2013-2,2013,computer_science
conf/acl/2013-d,2013,computer_science
conf/acl/2013-s,2013,computer_science
conf/acl/2013-t,2013,computer_science
conf/acl/2014-1,2014,computer_science
conf/acl/2014-2,2014,computer_science
conf/acl/2014-d,2014,computer_science
conf/acl/2014-s,2014,computer_science
conf/acl/2014-t,2014,computer_science
conf/acl/2014am,2014,computer_science
conf/acl/2015-1,2015,computer_science
conf/acl/2015-2,2015,computer_science
conf/acl/2015-d,2015,computer_science
conf/acl/2015-s,2015,computer_science
conf/acl/2015-t,2015,computer_science
conf/acl/2016-1,2016,computer_science
conf/acl/2016-2,2016,computer_science
conf/acl/2016am,2016,computer_science
conf/acl/2016vl,2016,computer_science
conf/chi/2000,2000,computer_science
conf/chi/2000a,2000,computer_science
conf/chi/2001,2001,computer_science
conf/chi/2001a,2001,computer_science
conf/chi/2002,2002,computer_science
conf/chi/2002a,2002,computer_science
conf/chi/2002cs,2002,computer_science
conf/chi/2003,2003,computer_science
conf/chi/2003a,2003,computer_science
conf/chi/2004,2004,computer_science
conf/chi/2004a,2004,computer_science
conf/chi/2004aisd,2005,computer_science
conf/chi/2005,2005,computer_science
conf/chi/2005a,2005,computer_science
conf/chi/2006,2006,computer_science
conf/chi/2006a,2006,computer_science
conf/chi/2007,2007,computer_science
conf/chi/2007a,2007,computer_science
conf/chi/2008,2008,computer_science
conf/chi/2008a,2008,computer_science
conf/chi/2008beliv,2008,computer_science
conf/chi/2009,2009,computer_science
conf/chi/2009a,2009,computer_science
conf/chi/2010,2010,computer_science
conf/chi/2010a,2010,computer_science
conf/chi/2011,2011,computer_science
conf/chi/2011a,2011,computer_science
conf/chi/2012,2012,computer_science
conf/chi/2012a,2012,computer_science
conf/chi/2013,2013,computer_science
conf/chi/2013a,2013,computer_science
conf/chi/2013r,2013,computer_science
conf/chi/2014,2014,computer_science
conf/chi/2014a,2014,computer_science
conf/chi/2015,2015,computer_science
conf/chi/2015a,2015,computer_science
conf/chi/2016,2016,computer_science
conf/chi/2016a,2016,computer_science
conf/chi/2016seachi,2016,computer_science
conf/cvpr/2000,2000,computer_science
conf/cvpr/2001,2001,computer_science
conf/cvpr/2003,2003,computer_science
conf/cvpr/2003w,2003,computer_science
conf/cvpr/2004mdde,2004,computer_science
conf/cvpr/2004w,2004,computer_science
conf/cvpr/2005,2005,computer_science
conf/cvpr/2005w,2005,computer_science
conf/cvpr/2006,2006,computer_science
conf/cvpr/2006w,2006,computer_science
conf/cvpr/2007,2007,computer_science
conf/cvpr/2008,2008,computer_science
conf/cvpr/2008w,2008,computer_science
conf/cvpr/2009,2009,computer_science
conf/cvpr/2009w,2009,computer_science
conf/cvpr/2010,2010,computer_science
conf/cvpr/2010w,2010,computer_science
conf/cvpr/2011,2011,computer_science
conf/cvpr/2011w,2011,computer_science
conf/cvpr/2012,2012,computer_science
conf/cvpr/2012w,2012,computer_science
conf/cvpr/2013,2013,computer_science
conf/cvpr/2013w,2013,computer_science
conf/cvpr/2014,2014,computer_science
conf/cvpr/2014w,2014,computer_science
conf/cvpr/2015,2015,computer_science
conf/cvpr/2015w,2015,computer_science
conf/cvpr/2016,2016,computer_science
conf/iccv/2003,2003,computer_science
conf/iccv/2005,2005,computer_science
conf/iccv/2005hci,2005,computer_science
conf/iccv/2007,2007,computer_science
conf/iccv/2007hci,2007,computer_science
conf/iccv/2009,2009,computer_science
conf/iccv/2011,2011,computer_science
conf/iccv/2013,2013,computer_science
conf/iccv/2015,2015,computer_science
conf/icml/2000,2000,computer_science
conf/icml/2001,2001,computer_science
conf/icml/2002,2002,computer_science
conf/icml/2003,2003,computer_science
conf/icml/2004,2004,computer_science
conf/icml/2005,2005,computer_science
conf/icml/2006,2006,computer_science
conf/icml/2006sna,2007,computer_science
conf/icml/2007,2007,computer_science
conf/icml/2008,2008,computer_science
conf/icml/2009,2009,computer_science
conf/icml/2010,2010,computer_science
conf/icml/2011,2011,computer_science
conf/icml/2012,2012,computer_science
conf/icml/2013,2013,computer_science
conf/icml/2014,2014,computer_science
conf/icml/2015,2015,computer_science
conf/icml/2015mlis,2015,computer_science
conf/icml/2015mlmmi,2015,computer_science
conf/icml/2015mud,2015,computer_science
conf/icml/2016,2016,computer_science
conf/icml/PavlovPPU03,2003,computer_science
conf/ijcai/2001,2001,computer_science
conf/ijcai/2001ol,2001,computer_science
conf/ijcai/2003,2003,computer_science
conf/ijcai/2003iiweb,2003,computer_science
conf/ijcai/2003itwp,2005,computer_science
conf/ijcai/2005,2005,computer_science
conf/ijcai/2007,2007,computer_science
conf/ijcai/2007nesy,2007,computer_science
conf/ijcai/2009,2009,computer_science
conf/ijcai/2009itwp,2009,computer_science
conf/ijcai/2011,2011,computer_science
conf/ijcai/2011ldl,2011,computer_science
conf/ijcai/2013,2013,computer_science
conf/ijcai/2013aiip,2013,computer_science
conf/ijcai/2013cgw,2014,computer_science
conf/ijcai/2013fca4ai,2013,computer_science
conf/ijcai/2013mlis,2013,computer_science
conf/ijcai/2013udm,2013,computer_science
conf/ijcai/2015,2015,computer_science
conf/ijcai/2015ainf,2015,computer_science
conf/ijcai/2015cgw,2016,computer_science
conf/ijcai/2015cpcr,2015,computer_science
conf/ijcai/2015dare,2015,computer_science
conf/ijcai/2015fca4ai,2015,computer_science
conf/ijcai/2015flinai,2015,computer_science
conf/ijcai/2015jowo,2015,computer_science
conf/ijcai/2015socinf,2015,computer_science
conf/ijcai/2016,2016,computer_science
conf/ijcai/2016att,2016,computer_science
conf/ijcai/2016bai,2016,computer_science
conf/ijcai/2016bridging,2016,computer_science
conf/ijcai/2016knowpros,2016,computer_science
conf/ijcai/2016saaip,2016,computer_science
conf/ijcai/2016socinf,2016,computer_science
conf/infocom/2000,2000,computer_science
conf/infocom/2001,2001,computer_science
conf/infocom/2002,2002,computer_science
conf/infocom/2003,2003,computer_science
conf/infocom/2004,2004,computer_science
conf/infocom/2005,2005,computer_science
conf/infocom/2006,2006,computer_science
conf/infocom/2007,2007,computer_science
conf/infocom/2008,2008,computer_science
conf/infocom/2009,2009,computer_science
conf/infocom/2010,2010,computer_science
conf/infocom/2011,2011,computer_science
conf/infocom/2012,2012,computer_science
conf/infocom/2012w,2012,computer_science
conf/infocom/2013,2013,computer_science
conf/infocom/2013w,2013,computer_science
conf/infocom/2014,2014,computer_science
conf/infocom/2014w,2014,computer_science
conf/infocom/2015,2015,computer_science
conf/infocom/2015w,2015,computer_science
conf/infocom/2016,2016,computer_science
conf/infocom/2016w,2016,computer_science
conf/kdd/1999pdm,2000,computer_science
conf/kdd/1999web,2000,computer_science
conf/kdd/2000,2000,computer_science
conf/kdd/2000mdm,2000,computer_science
conf/kdd/2001,2001,computer_science
conf/kdd/2001mdm,2001,computer_science
conf/kdd/2001web,2002,computer_science
conf/kdd/2002,2002,computer_science
conf/kdd/2002bio,2002,computer_science
conf/kdd/2002mdm,2002,computer_science
conf/kdd/2002mdm-kdmcd,2003,computer_science
conf/kdd/2002web,2003,computer_science
conf/kdd/2003,2003,computer_science
conf/kdd/2003bio,2003,computer_science
conf/kdd/2004,2004,computer_science
conf/kdd/2004bio,2004,computer_science
conf/kdd/2004web,2006,computer_science
conf/kdd/2005,2005,computer_science
conf/kdd/2005bio,2005,computer_science
conf/kdd/2005link,2005,computer_science
conf/kdd/2005mdm,2005,computer_science
conf/kdd/2005web,2006,computer_science
conf/kdd/2006,2006,computer_science
conf/kdd/2006web,2007,computer_science
conf/kdd/2007,2007,computer_science
conf/kdd/2007pin,2008,computer_science
conf/kdd/2007web,2009,computer_science
conf/kdd/2008,2008,computer_science
conf/kdd/2008pin,2009,computer_science
conf/kdd/2008sensor,2010,computer_science
conf/kdd/2008sna,2010,computer_science
conf/kdd/2009,2009,computer_science
conf/kdd/2009adkdd,2009,computer_science
conf/kdd/2009csi,2009,computer_science
conf/kdd/2009dmmt,2009,computer_science
conf/kdd/2009hcomp,2009,computer_science
conf/kdd/2009sensor,2009,computer_science
conf/kdd/2009sna,2009,computer_science
conf/kdd/2009srb,2009,computer_science
conf/kdd/2009u,2009,computer_science
conf/kdd/2009vakd,2009,computer_science
conf/kdd/2010,2010,computer_science
conf/kdd/2011,2011,computer_science
conf/kdd/2011bio,2011,computer_science
conf/kdd/2012,2012,computer_science
conf/kdd/2012bigmine,2012,computer_science
conf/kdd/2012bio,2012,computer_science
conf/kdd/2012swmi,2012,computer_science
conf/kdd/2012urbcomp,2012,computer_science
conf/kdd/2013,2013,computer_science
conf/kdd/2013bigmine,2013,computer_science
conf/kdd/2013bio,2013,computer_science
conf/kdd/2013idea,2013,computer_science
conf/kdd/2013kddcup,2013,computer_science
conf/kdd/2013mdm,2013,computer_science
conf/kdd/2013sna,2013,computer_science
conf/kdd/2013urbcomp,2013,computer_science
conf/kdd/2013wisdom,2013,computer_science
conf/kdd/2014,2014,computer_science
conf/kdd/2014adkdd,2014,computer_science
conf/kdd/2014bigmine,2014,computer_science
conf/kdd/2014sna,2014,computer_science
conf/kdd/2015,2015,computer_science
conf/kdd/2015bigmine,2015,computer_science
conf/kdd/2016,2016,computer_science
conf/mobicom/2000,2000,computer_science
conf/mobicom/2001,2001,computer_science
conf/mobicom/2002,2002,computer_science
conf/mobicom/2002wsna,2002,computer_science
conf/mobicom/2003,2003,computer_science
conf/mobicom/2004,2004,computer_science
conf/mobicom/2004vanet,2004,computer_science
conf/mobicom/2004wac,2004,computer_science
conf/mobicom/2005,2005,computer_science
conf/mobicom/2005vanet,2005,computer_science
conf/mobicom/2006,2006,computer_science
conf/mobicom/2006vanet,2006,computer_science
conf/mobicom/2006wintech,2006,computer_science
conf/mobicom/2006wuwnet,2006,computer_science
conf/mobicom/2007,2007,computer_science
conf/mobicom/2007chants,2007,computer_science
conf/mobicom/2007sanet,2007,computer_science
conf/mobicom/2007vanet,2007,computer_science
conf/mobicom/2007wintech,2007,computer_science
conf/mobicom/2007wuwnet,2007,computer_science
conf/mobicom/2008,2008,computer_science
conf/mobicom/2008chants,2008,computer_science
conf/mobicom/2008melt,2008,computer_science
conf/mobicom/2008vanet,2008,computer_science
conf/mobicom/2008winsdr,2008,computer_science
conf/mobicom/2008wintech,2008,computer_science
conf/mobicom/2008wuwnet,2008,computer_science
conf/mobicom/2009,2009,computer_science
conf/mobicom/2009chants,2009,computer_science
conf/mobicom/2009coronet,2009,computer_science
conf/mobicom/2009vanet,2009,computer_science
conf/mobicom/2010,2010,computer_science
conf/mobicom/2010chants,2010,computer_science
conf/mobicom/2010s3,2010,computer_science
conf/mobicom/2010vanet,2010,computer_science
conf/mobicom/2011,2011,computer_science
conf/mobicom/2011chants,2011,computer_science
conf/mobicom/2011s3,2011,computer_science
conf/mobicom/2011vanet,2011,computer_science
conf/mobicom/2012,2012,computer_science
conf/mobicom/2012chants,2012,computer_science
conf/mobicom/2013,2013,computer_science
conf/mobicom/2013chants,2013,computer_science
conf/mobicom/2013crab,2013,computer_science
conf/mobicom/2013lcdnet,2013,computer_science
conf/mobicom/2013misenet,2013,computer_science
conf/mobicom/2013wintech,2013,computer_science
conf/mobicom/2014,2014,computer_science
conf/mobicom/2014chants,2014,computer_science
conf/mobicom/2014hotwireless,2014,computer_science
conf/mobicom/2014s3,2014,computer_science
conf/mobicom/2014spme,2014,computer_science
conf/mobicom/2014vlcs,2014,computer_science
conf/mobicom/2014wintech,2014,computer_science
conf/mobicom/2015,2015,computer_science
conf/mobicom/2015chants,2015,computer_science
conf/mobicom/2015hotplanet,2015,computer_science
conf/mobicom/2015hotwireless,2015,computer_science
conf/mobicom/2015mcs,2015,computer_science
conf/mobicom/2015s3,2015,computer_science
conf/mobicom/2015smartobjects,2015,computer_science
conf/mobicom/2015srif,2015,computer_science
conf/mobicom/2015vlcs,2015,computer_science
conf/mobicom/2016,2016,computer_science
conf/mobicom/2016atc,2016,computer_science
conf/mobicom/2016chants,2016,computer_science
conf/mobicom/2016hotwireless,2016,computer_science
conf/mobicom/2016wintech,2016,computer_science
conf/nsdi/2004,2004,computer_science
conf/nsdi/2005,2005,computer_science
conf/nsdi/2006,2006,computer_science
conf/nsdi/2007,2007,computer_science
conf/nsdi/2007hotbots,2007,computer_science
conf/nsdi/2007netdb,2007,computer_science
conf/nsdi/2008,2008,computer_science
conf/nsdi/2008leet,2008,computer_science
conf/nsdi/2008upsec,2008,computer_science
conf/nsdi/2008wowcs,2008,computer_science
conf/nsdi/2009,2009,computer_science
conf/nsdi/2010,2010,computer_science
conf/nsdi/2010inm-wren,2010,computer_science
conf/nsdi/2011,2011,computer_science
conf/nsdi/2011hotice,2011,computer_science
conf/nsdi/2012,2012,computer_science
conf/nsdi/2012hotice,2012,computer_science
conf/nsdi/2013,2013,computer_science
conf/nsdi/2014,2014,computer_science
conf/nsdi/2015,2015,computer_science
conf/osdi/2000,2000,computer_science
conf/osdi/2002,2002,computer_science
conf/osdi/2004,2004,computer_science
conf/osdi/2004worlds,2004,computer_science
conf/osdi/2006,2006,computer_science
conf/osdi/2006worlds,2006,computer_science
conf/osdi/2008,2008,computer_science
conf/osdi/2008hotpower,2008,computer_science
conf/osdi/2008sysml,2008,computer_science
conf/osdi/2008wasl,2008,computer_science
conf/osdi/2008wiov,2008,computer_science
conf/osdi/2010,2010,computer_science
conf/osdi/2010netecon,2010,computer_science
conf/osdi/2010slaml,2010,computer_science
conf/osdi/2012,2012,computer_science
conf/osdi/2012hotpower,2012,computer_science
conf/osdi/2012mad,2012,computer_science
conf/osdi/2014,2014,computer_science
conf/osdi/2014inflow,2014,computer_science
conf/osdi/2014trios,2014,computer_science
conf/osdi/2016,2016,computer_science
conf/osdi/2016inflow,2016,computer_science
conf/pldi/2000,2000,computer_science
conf/pldi/2001,2001,computer_science
conf/pldi/2002,2002,computer_science
conf/pldi/2003,2003,computer_science
conf/pldi/2004,2004,computer_science
conf/pldi/2004best,2004,computer_science
conf/pldi/2005,2005,computer_science
conf/pldi/2006,2006,computer_science
conf/pldi/2006plas,2006,computer_science
conf/pldi/2007,2007,computer_science
conf/pldi/2007plas,2007,computer_science
conf/pldi/2008,2008,computer_science
conf/pldi/2008plas,2008,computer_science
conf/pldi/2009,2009,computer_science
conf/pldi/2009plas,2009,computer_science
conf/pldi/2010,2010,computer_science
conf/pldi/2010plas,2010,computer_science
conf/pldi/2011,2011,computer_science
conf/pldi/2011mspc,2011,computer_science
conf/pldi/2011plas,2011,computer_science
conf/pldi/2012,2012,computer_science
conf/pldi/2012mspc,2012,computer_science
conf/pldi/2012plas,2012,computer_science
conf/pldi/2012soap,2012,computer_science
conf/pldi/2013,2013,computer_science
conf/pldi/2013mspc,2013,computer_science
conf/pldi/2013plas,2013,computer_science
conf/pldi/2013soap,2013,computer_science
conf/pldi/2013x10,2013,computer_science
conf/pldi/2014,2014,computer_science
conf/pldi/2014array,2014,computer_science
conf/pldi/2014dyla,2014,computer_science
conf/pldi/2014mspc,2014,computer_science
conf/pldi/2014soap,2014,computer_science
conf/pldi/2014trust,2014,computer_science
conf/pldi/2015,2015,computer_science
conf/pldi/2015array,2015,computer_science
conf/pldi/2015scala,2015,computer_science
conf/pldi/2015soap,2015,computer_science
conf/pldi/2015x10,2015,computer_science
conf/pldi/2016,2016,computer_science
conf/pldi/2016array,2016,computer_science
conf/pldi/2016soap,2016,computer_science
conf/sigcomm/2002,2002,computer_science
conf/sigcomm/2003,2003,computer_science
conf/sigcomm/2004,2004,computer_science
conf/sigcomm/2005,2005,computer_science
conf/sigcomm/2006,2006,computer_science
conf/sigcomm/2006chants,2006,computer_science
conf/sigcomm/2007,2007,computer_science
conf/sigcomm/2008,2008,computer_science
conf/sigcomm/2008netecon,2008,computer_science
conf/sigcomm/2008presto,2008,computer_science
conf/sigcomm/2009,2009,computer_science
conf/sigcomm/2009mobiheld,2009,computer_science
conf/sigcomm/2009presto,2009,computer_science
conf/sigcomm/2009visa,2009,computer_science
conf/sigcomm/2009wosn,2009,computer_science
conf/sigcomm/2009wren,2009,computer_science
conf/sigcomm/2010,2010,computer_science
conf/sigcomm/2010apsys,2010,computer_science
conf/sigcomm/2010greennet,2010,computer_science
conf/sigcomm/2010mobiheld,2010,computer_science
conf/sigcomm/2011,2011,computer_science
conf/sigcomm/2012,2012,computer_science
conf/sigcomm/2012mcc,2012,computer_science
conf/sigcomm/2013,2013,computer_science
conf/sigcomm/2013fhmn,2013,computer_science
conf/sigcomm/2013hotplanet,2013,computer_science
conf/sigcomm/2013hotsdn,2013,computer_science
conf/sigcomm/2013mcc,2013,computer_science
conf/sigcomm/2013srif,2013,computer_science
conf/sigcomm/2014,2014,computer_science
conf/sigcomm/2014atc,2014,computer_science
conf/sigcomm/2014csws,2014,computer_science
conf/sigcomm/2014dcc,2014,computer_science
conf/sigcomm/2014hotsdn,2014,computer_science
conf/sigcomm/2014srif,2014,computer_science
conf/sigcomm/2015,2015,computer_science
conf/sigcomm/2015hotmiddlebox,2015,computer_science
conf/sigcomm/2015nsethics,2015,computer_science
conf/sigcomm/2015s2bid,2015,computer_science
conf/sigcomm/2016,2016,computer_science
conf/sigir/2001,2001,computer_science
conf/sigir/2001w1,2002,computer_science
conf/sigir/2002,2002,computer_science
conf/sigir/2003,2003,computer_science
conf/sigir/2003dmir,2004,computer_science
conf/sigir/2004,2004,computer_science
conf/sigir/2004p2p,2004,computer_science
conf/sigir/2005,2005,computer_science
conf/sigir/2006,2006,computer_science
conf/sigir/2007,2007,computer_science
conf/sigir/2007pan,2007,computer_science
conf/sigir/2008,2008,computer_science
conf/sigir/2008and,2008,computer_science
conf/sigir/2009,2009,computer_science
conf/sigir/2010,2010,computer_science
conf/sigir/2011,2011,computer_science
conf/sigir/2012,2012,computer_science
conf/sigir/2013,2013,computer_science
conf/sigir/2014,2014,computer_science
conf/sigir/2014erd,2014,computer_science
conf/sigir/2014medir,2014,computer_science
conf/sigir/2014pir,2014,computer_science
conf/sigir/2014smir,2014,computer_science
conf/sigir/2014somera,2014,computer_science
conf/sigir/2015,2015,computer_science
conf/sigir/2015gsb,2015,computer_science
conf/sigir/2015sps,2015,computer_science
conf/sigir/2016,2016,computer_science
conf/sigir/2016gamifir,2016,computer_science
conf/sigir/2016sal,2016,computer_science
conf/sigmetrics/2000,2000,computer_science
conf/sigmetrics/2001,2001,computer_science
conf/sigmetrics/2002,2002,computer_science
conf/sigmetrics/2003,2003,computer_science
conf/sigmetrics/2004,2004,computer_science
conf/sigmetrics/2005,2005,computer_science
conf/sigmetrics/2006,2006,computer_science
conf/sigmetrics/2007,2007,computer_science
conf/sigmetrics/2008,2008,computer_science
conf/sigmetrics/2009,2009,computer_science
conf/sigmetrics/2010,2010,computer_science
conf/sigmetrics/2011,2011,computer_science
conf/sigmetrics/2012,2012,computer_science
conf/sigmetrics/2013,2013,computer_science
conf/sigmetrics/2014,2014,computer_science
conf/sigmetrics/2015,2015,computer_science
conf/sigmetrics/2016,2016,computer_science
conf/sosp/2001,2001,computer_science
conf/sosp/2003,2003,computer_science
conf/sosp/2005,2005,computer_science
conf/sosp/2007,2007,computer_science
conf/sosp/2009,2009,computer_science
conf/sosp/2011,2011,computer_science
conf/sosp/2013,2013,computer_science
conf/sosp/2013hotpower,2013,computer_science
conf/sosp/2013inflow,2013,computer_science
conf/sosp/2013plos,2013,computer_science
conf/sosp/2013trios,2013,computer_science
conf/sosp/2015,2015,computer_science
conf/sosp/2015history,2015,computer_science
conf/sosp/2015hotpower,2015,computer_science
conf/sosp/2015inflow,2015,computer_science
conf/sosp/2015plos,2015,computer_science
conf/sp/2000,2000,computer_science
conf/sp/2001,2001,computer_science
conf/sp/2002,2002,computer_science
conf/sp/2003,2003,computer_science
conf/sp/2004,2004,computer_science
conf/sp/2005,2005,computer_science
conf/sp/2006,2006,computer_science
conf/sp/2007,2007,computer_science
conf/sp/2008,2008,computer_science
conf/sp/2009,2009,computer_science
conf/sp/2010,2010,computer_science
conf/sp/2011,2011,computer_science
conf/sp/2012,2012,computer_science
conf/sp/2012w,2012,computer_science
conf/sp/2013,2013,computer_science
conf/sp/2013w,2013,computer_science
conf/sp/2014,2014,computer_science
conf/sp/2014w,2014,computer_science
conf/sp/2015,2015,computer_science
conf/sp/2015w,2015,computer_science
conf/sp/2016,2016,computer_science
conf/sp/2016w,2016,computer_science
conf/uist/2000,2000,computer_science
conf/uist/2001,2001,computer_science
conf/uist/2002,2002,computer_science
conf/uist/2003,2003,computer_science
conf/uist/2004,2004,computer_science
conf/uist/2005,2005,computer_science
conf/uist/2006,2006,computer_science
conf/uist/2007,2007,computer_science
conf/uist/2008,2008,computer_science
conf/uist/2009,2009,computer_science
conf/uist/2010,2010,computer_science
conf/uist/2010a,2010,computer_science
conf/uist/2011,2011,computer_science
conf/uist/2011a,2011,computer_science
conf/uist/2012,2012,computer_science
conf/uist/2012a,2012,computer_science
conf/uist/2013,2013,computer_science
conf/uist/2013a,2013,computer_science
conf/uist/2014,2014,computer_science
conf/uist/2014a,2014,computer_science
conf/uist/2015,2015,computer_science
conf/uist/2015a,2015,computer_science
conf/uist/2016,2016,computer_science
conf/uist/2016a,2016,computer_science
conf/www/2001,2001,computer_science
conf/www/2001p,2001,computer_science
conf/www/2002,2002,computer_science
conf/www/2003,2003,computer_science
conf/www/2003at,2003,computer_science
conf/www/2003p,2003,computer_science
conf/www/2004,2004,computer_science
conf/www/2004at,2004,computer_science
conf/www/2004sw,2004,computer_science
conf/www/2005,2005,computer_science
conf/www/2005si,2005,computer_science
conf/www/2006,2006,computer_science
conf/www/2007,2007,computer_science
conf/www/2007ckc,2007,computer_science
conf/www/2008,2008,computer_science
conf/www/2008c,2008,computer_science
conf/www/2008l,2008,computer_science
conf/www/2008ldow,2008,computer_science
conf/www/2008swkm,2008,computer_science
conf/www/2008w,2009,computer_science
conf/www/2009,2009,computer_science
conf/www/2009ldow,2009,computer_science
conf/www/2009wicow,2009,computer_science
conf/www/2010,2010,computer_science
conf/www/2010ldow,2010,computer_science
conf/www/2010msw,2010,computer_science
conf/www/2010wicow,2010,computer_science
conf/www/2011,2011,computer_science
conf/www/2011c,2011,computer_science
conf/www/2011ldow,2011,computer_science
conf/www/2012,2012,computer_science
conf/www/2012c,2012,computer_science
conf/www/2012crowdsearch,2012,computer_science
conf/www/2012dec3d,2012,computer_science
conf/www/2012ldow,2012,computer_science
conf/www/2012tempweb,2012,computer_science
conf/www/2012wic,2012,computer_science
conf/www/2013,2013,computer_science
conf/www/2013c,2013,computer_science
conf/www/2013ldow,2013,computer_science
conf/www/2014,2014,computer_science
conf/www/2014c,2014,computer_science
conf/www/2014ldow,2014,computer_science
conf/www/2014snowdc,2014,computer_science
conf/www/2015,2015,computer_science
conf/www/2015c,2015,computer_science
conf/www/2015ldow,2015,computer_science
conf/www/2016,2016,computer_science
conf/www/2016c,2016,computer_science
conf/www/2016ldow,2016,computer_science
conf/adbis/2000,2000,data_engineering
conf/adbis/2000s,2000,data_engineering
conf/adbis/2001,2001,data_engineering
conf/adbis/2002,2002,data_engineering
conf/adbis/2002l,2002,data_engineering
conf/adbis/2003,2003,data_engineering
conf/adbis/2004,2004,data_engineering
conf/adbis/2005,2005,data_engineering
conf/adbis/2005l,2005,data_engineering
conf/adbis/2006,2006,data_engineering
conf/adbis/2006l,2006,data_engineering
conf/adbis/2007,2007,data_engineering
conf/adbis/2007l,2008,data_engineering
conf/adbis/2008,2008,data_engineering
conf/adbis/2008l,2008,data_engineering
conf/adbis/2009,2009,data_engineering
conf/adbis/2009w,2010,data_engineering
conf/adbis/2010,2010,data_engineering
conf/adbis/2010l,2010,data_engineering
conf/adbis/2011,2011,data_engineering
conf/adbis/2011-2,2011,data_engineering
conf/adbis/2012,2012,data_engineering
conf/adbis/2012-2,2013,data_engineering
conf/adbis/2012w,2013,data_engineering
conf/adbis/2013,2013,data_engineering
conf/adbis/2013-2,2014,data_engineering
conf/adbis/2014,2014,data_engineering
conf/adbis/2014-2,2015,data_engineering
conf/adbis/2015,2015,data_engineering
conf/adbis/2015w,2015,data_engineering
conf/adbis/2016,2016,data_engineering
conf/adbis/2016w,2016,data_engineering
conf/coopis/2000,2000,data_engineering
conf/coopis/2001,2001,data_engineering
conf/coopis/2002,2002,data_engineering
conf/coopis/2003,2003,data_engineering
conf/coopis/2004-1,2004,data_engineering
conf/coopis/2004-2,2004,data_engineering
conf/dasfaa/2001,2001,data_engineering
conf/dasfaa/2003,2003,data_engineering
conf/dasfaa/2004,2004,data_engineering
conf/dasfaa/2005,2005,data_engineering
conf/dasfaa/2006,2006,data_engineering
conf/dasfaa/2007,2007,data_engineering
conf/dasfaa/2008,2008,data_engineering
conf/dasfaa/2009,2009,data_engineering
conf/dasfaa/2009w,2009,data_engineering
conf/dasfaa/2010-1,2010,data_engineering
conf/dasfaa/2010-2,2010,data_engineering
conf/dasfaa/2010w,2010,data_engineering
conf/dasfaa/2011-1,2011,data_engineering
conf/dasfaa/2011-2,2011,data_engineering
conf/dasfaa/2011w,2011,data_engineering
conf/dasfaa/2012-1,2012,data_engineering
conf/dasfaa/2012-2,2012,data_engineering
conf/dasfaa/2012w,2012,data_engineering
conf/dasfaa/2013-1,2013,data_engineering
conf/dasfaa/2013-2,2013,data_engineering
conf/dasfaa/2013w,2013,data_engineering
conf/dasfaa/2014-1,2014,data_engineering
conf/dasfaa/2014-2,2014,data_engineering
conf/dasfaa/2014w,2014,data_engineering
conf/dasfaa/2015-1,2015,data_engineering
conf/dasfaa/2015-2,2015,data_engineering
conf/dasfaa/2015w,2015,data_engineering
conf/dasfaa/2016-1,2016,data_engineering
conf/dasfaa/2016-2,2016,data_engineering
conf/dasfaa/2016w,2016,data_engineering
conf/dbpl/1999,2000,data_engineering
conf/dbpl/2001,2002,data_engineering
conf/dbpl/2003,2004,data_engineering
conf/dbpl/2005,2005,data_engineering
conf/dbpl/2007,2007,data_engineering
conf/dbpl/2009,2009,data_engineering
conf/dbpl/2011,2011,data_engineering
conf/dbpl/2015,2015,data_engineering
conf/dolap/2000,2000,data_engineering
conf/dolap/2001,2001,data_engineering
conf/dolap/2002,2002,data_engineering
conf/dolap/2003,2003,data_engineering
conf/dolap/2004,2004,data_engineering
conf/dolap/2005,2005,data_engineering
conf/dolap/2006,2006,data_engineering
conf/dolap/2007,2007,data_engineering
conf/dolap/2008,2008,data_engineering
conf/dolap/2009,2009,data_engineering
conf/dolap/2010,2010,data_engineering
conf/dolap/2011,2011,data_engineering
conf/dolap/2012,2012,data_engineering
conf/dolap/2013,2013,data_engineering
conf/dolap/2014,2014,data_engineering
conf/dolap/2015,2015,data_engineering
conf/edbt/2000,2000,data_engineering
conf/edbt/2002,2002,data_engineering
conf/edbt/2002phd,2002,data_engineering
conf/edbt/2004,2004,data_engineering
conf/edbt/2006,2006,data_engineering
conf/edbt/2008,2008,data_engineering
conf/edbt/2008damap,2008,data_engineering
conf/edbt/2008pais,2008,data_engineering
conf/edbt/2008setmdm,2008,data_engineering
conf/edbt/2008ssps,2008,data_engineering
conf/edbt/2009,2009,data_engineering
conf/edbt/2010,2010,data_engineering
conf/edbt/2011,2011,data_engineering
conf/edbt/2011array,2011,data_engineering
conf/edbt/2011beweb,2011,data_engineering
conf/edbt/2011lwdm,2011,data_engineering
conf/edbt/2011pais,2011,data_engineering
conf/edbt/2011phd,2011,data_engineering
conf/edbt/2012,2012,data_engineering
conf/edbt/2012w,2012,data_engineering
conf/edbt/2013,2013,data_engineering
conf/edbt/2013w,2013,data_engineering
conf/edbt/2014,2014,data_engineering
conf/edbt/2014w,2014,data_engineering
conf/edbt/2015,2015,data_engineering
conf/edbt/2015w,2015,data_engineering
conf/edbt/2016,2016,data_engineering
conf/edbt/2016w,2016,data_engineering
conf/er/2000w,2000,data_engineering
conf/er/2001,2001,data_engineering
conf/er/2001w,2002,data_engineering
conf/er/2002,2002,data_engineering
conf/er/2003,2003,data_engineering
conf/er/2003w,2003,data_engineering
conf/er/2004,2004,data_engineering
conf/er/2004w,2004,data_engineering
conf/er/2005,2005,data_engineering
conf/er/2005w,2005,data_engineering
conf/er/2006,2006,data_engineering
conf/er/2006acml,2008,data_engineering
conf/er/2006w,2006,data_engineering
conf/er/2007,2007,data_engineering
conf/er/2007tppi,2007,data_engineering
conf/er/2007w,2007,data_engineering
conf/er/2008,2008,data_engineering
conf/er/2008w,2008,data_engineering
conf/er/2009,2009,data_engineering
conf/er/2009phd,2010,data_engineering
conf/er/2009w,2009,data_engineering
conf/er/2010,2010,data_engineering
conf/er/2010w,2010,data_engineering
conf/er/2011,2011,data_engineering
conf/er/2011w,2011,data_engineering
conf/er/2012,2012,data_engineering
conf/er/2012w,2012,data_engineering
conf/er/2013,2013,data_engineering
conf/er/2013w,2014,data_engineering
conf/er/2014,2014,data_engineering
conf/er/2014w,2014,data_engineering
conf/er/2015,2015,data_engineering
conf/er/2015w,2015,data_engineering
conf/er/2016,2016,data_engineering
conf/er/2016w,2016,data_engineering
conf/icde/2001,2001,data_engineering
conf/icde/2001d,2001,data_engineering
conf/icde/2002,2002,data_engineering
conf/icde/2003,2003,data_engineering
conf/icde/2004,2004,data_engineering
conf/icde/2005,2005,data_engineering
conf/icde/2005w,2005,data_engineering
conf/icde/2006,2006,data_engineering
conf/icde/2006w,2006,data_engineering
conf/icde/2007,2007,data_engineering
conf/icde/2007w,2007,data_engineering
conf/icde/2008,2008,data_engineering
conf/icde/2008w,2008,data_engineering
conf/icde/2009,2009,data_engineering
conf/icde/2010,2010,data_engineering
conf/icde/2010w,2010,data_engineering
conf/icde/2011,2011,data_engineering
conf/icde/2011w,2011,data_engineering
conf/icde/2012,2012,data_engineering
conf/icde/2012w,2012,data_engineering
conf/icde/2013,2013,data_engineering
conf/icde/2013w,2013,data_engineering
conf/icde/2014,2014,data_engineering
conf/icde/2014w,2014,data_engineering
conf/icde/2015,2015,data_engineering
conf/icde/2015w,2015,data_engineering
conf/icde/2016,2016,data_engineering
conf/icde/2016w,2016,data_engineering
conf/icdt/2001,2001,data_engineering
conf/icdt/2003,2002,data_engineering
conf/icdt/2005,2005,data_engineering
conf/icdt/2007,2007,data_engineering
conf/icdt/2007erow,2007,data_engineering
conf/icdt/2009,2009,data_engineering
conf/icdt/2010,2010,data_engineering
conf/icdt/2011,2011,data_engineering
conf/icdt/2012,2012,data_engineering
conf/icdt/2013,2013,data_engineering
conf/icdt/2014,2014,data_engineering
conf/icdt/2015,2015,data_engineering
conf/icdt/2016,2016,data_engineering
conf/popl/2000,2000,data_engineering
conf/popl/2001,2001,data_engineering
conf/popl/2002,2002,data_engineering
conf/popl/2003,2003,data_engineering
conf/popl/2004,2004,data_engineering
conf/popl/2005,2005,data_engineering
conf/popl/2005wits,2005,data_engineering
conf/popl/2006,2006,data_engineering
conf/popl/2007,2007,data_engineering
conf/popl/2007damp,2007,data_engineering
conf/popl/2008,2008,data_engineering
conf/popl/2009,2009,data_engineering
conf/popl/2009damp,2009,data_engineering
conf/popl/2010,2010,data_engineering
conf/popl/2010damp,2010,data_engineering
conf/popl/2011,2011,data_engineering
conf/popl/2011damp,2011,data_engineering
conf/popl/2012,2012,data_engineering
conf/popl/2012damp,2012,data_engineering
conf/popl/2013,2013,data_engineering
conf/popl/2013ddfp,2013,data_engineering
conf/popl/2013pprew,2013,data_engineering
conf/popl/2014,2014,data_engineering
conf/popl/2014pprew,2014,data_engineering
conf/popl/2015,2015,data_engineering
conf/popl/2015plmw,2015,data_engineering
conf/popl/2016,2016,data_engineering
conf/ride/2000,2000,data_engineering
conf/ride/2001,2001,data_engineering
conf/ride/2002,2002,data_engineering
conf/ride/2003,2003,data_engineering
conf/ride/2004,2004,data_engineering
conf/ride/2005,2005,data_engineering
conf/ssdbm/2000,2000,data_engineering
conf/ssdbm/2001,2001,data_engineering
conf/ssdbm/2002,2002,data_engineering
conf/ssdbm/2003,2003,data_engineering
conf/ssdbm/2004,2004,data_engineering
conf/ssdbm/2005,2005,data_engineering
conf/ssdbm/2006,2006,data_engineering
conf/ssdbm/2007,2007,data_engineering
conf/ssdbm/2008,2008,data_engineering
conf/ssdbm/2009,2009,data_engineering
conf/ssdbm/2010,2010,data_engineering
conf/ssdbm/2011,2011,data_engineering
conf/ssdbm/2012,2012,data_engineering
conf/ssdbm/2013,2013,data_engineering
conf/ssdbm/2014,2014,data_engineering
conf/ssdbm/2015,2015,data_engineering
conf/ssdbm/2016,2016,data_engineering
conf/widm/2001,2001,data_engineering
conf/widm/2002,2002,data_engineering
conf/widm/2003,2003,data_engineering
conf/widm/2004,2004,data_engineering
conf/widm/2005,2005,data_engineering
conf/widm/2006,2006,data_engineering
conf/widm/2007,2007,data_engineering
conf/widm/2008,2008,data_engineering
conf/widm/2009,2009,data_engineering
conf/widm/2012,2012,data_engineering
conf/csmr/2000,2000,software_engineering
conf/csmr/2001,2001,software_engineering
conf/csmr/2002,2002,software_engineering
conf/csmr/2003,2003,software_engineering
conf/csmr/2004,2004,software_engineering
conf/csmr/2005,2005,software_engineering
conf/csmr/2006,2006,software_engineering
conf/csmr/2007,2007,software_engineering
conf/csmr/2008,2008,software_engineering
conf/csmr/2009,2009,software_engineering
conf/csmr/2010,2010,software_engineering
conf/csmr/2011,2011,software_engineering
conf/csmr/2012,2012,software_engineering
conf/csmr/2013,2013,software_engineering
conf/csmr/2014,2014,software_engineering
conf/fase/2000,2000,software_engineering
conf/fase/2001,2001,software_engineering
conf/fase/2002,2002,software_engineering
conf/fase/2003,2003,software_engineering
conf/fase/2004,2004,software_engineering
conf/fase/2005,2005,software_engineering
conf/fase/2006,2006,software_engineering
conf/fase/2007,2007,software_engineering
conf/fase/2008,2008,software_engineering
conf/fase/2009,2009,software_engineering
conf/fase/2010,2010,software_engineering
conf/fase/2011,2011,software_engineering
conf/fase/2012,2012,software_engineering
conf/fase/2013,2013,software_engineering
conf/fase/2014,2014,software_engineering
conf/fase/2015,2015,software_engineering
conf/fase/2016,2016,software_engineering
conf/gpce/2002,2002,software_engineering
conf/gpce/2003,2003,software_engineering
conf/gpce/2004,2004,software_engineering
conf/gpce/2005,2005,software_engineering
conf/gpce/2006,2006,software_engineering
conf/gpce/2007,2007,software_engineering
conf/gpce/2008,2008,software_engineering
conf/gpce/2009,2009,software_engineering
conf/gpce/2010,2010,software_engineering
conf/gpce/2010fosd,2010,software_engineering
conf/gpce/2011,2011,software_engineering
conf/gpce/2012,2012,software_engineering
conf/gpce/2012fosd,2012,software_engineering
conf/gpce/2013,2013,software_engineering
conf/gpce/2013fosd,2013,software_engineering
conf/gpce/2014,2014,software_engineering
conf/gpce/2014fosd,2014,software_engineering
conf/gpce/2015,2015,software_engineering
conf/gpce/2016,2016,software_engineering
conf/icsm/2000,2000,software_engineering
conf/icsm/2001,2001,software_engineering
conf/icsm/2002,2002,software_engineering
conf/icsm/2003,2003,software_engineering
conf/icsm/2004,2004,software_engineering
conf/icsm/2005,2005,software_engineering
conf/icsm/2005t,2005,software_engineering
conf/icsm/2006,2006,software_engineering
conf/icsm/2007,2007,software_engineering
conf/icsm/2008,2008,software_engineering
conf/icsm/2009,2009,software_engineering
conf/icsm/2010,2010,software_engineering
conf/icsm/2011,2011,software_engineering
conf/icsm/2012,2012,software_engineering
conf/icsm/2013,2013,software_engineering
conf/icsm/2013cpsm,2013,software_engineering
conf/icsm/2014,2014,software_engineering
conf/icsm/2014mtd,2014,software_engineering
conf/icsm/2014mud,2014,software_engineering
conf/icsm/2015,2015,software_engineering
conf/icsm/2015mtd,2015,software_engineering
conf/icsm/2015mud,2015,software_engineering
conf/iwpc/2000,2000,software_engineering
conf/iwpc/2001,2001,software_engineering
conf/iwpc/2002,2002,software_engineering
conf/iwpc/2003,2003,software_engineering
conf/iwpc/2004,2004,software_engineering
conf/iwpc/2005,2005,software_engineering
conf/iwpc/2006,2006,software_engineering
conf/iwpc/2007,2007,software_engineering
conf/iwpc/2008,2008,software_engineering
conf/iwpc/2009,2009,software_engineering
conf/iwpc/2010,2010,software_engineering
conf/iwpc/2011,2011,software_engineering
conf/iwpc/2012,2012,software_engineering
conf/iwpc/2013,2013,software_engineering
conf/iwpc/2014,2014,software_engineering
conf/iwpc/2015,2015,software_engineering
conf/iwpc/2016,2016,software_engineering
conf/kbse/2000,2000,software_engineering
conf/kbse/2001,2001,software_engineering
conf/kbse/2002,2002,software_engineering
conf/kbse/2003,2003,software_engineering
conf/kbse/2004,2004,software_engineering
conf/kbse/2005,2005,software_engineering
conf/kbse/2005tefse,2005,software_engineering
conf/kbse/2006,2006,software_engineering
conf/kbse/2007,2007,software_engineering
conf/kbse/2008,2008,software_engineering
conf/kbse/2008w,2008,software_engineering
conf/kbse/2009,2009,software_engineering
conf/kbse/2010,2010,software_engineering
conf/kbse/2011,2011,software_engineering
conf/kbse/2012,2012,software_engineering
conf/kbse/2013,2013,software_engineering
conf/kbse/2014,2014,software_engineering
conf/kbse/2014wise,2014,software_engineering
conf/kbse/2015,2015,software_engineering
conf/kbse/2015w,2015,software_engineering
conf/kbse/2016,2016,software_engineering
conf/kbse/2016swmi,2016,software_engineering
conf/msr/2005,2005,software_engineering
conf/msr/2006,2006,software_engineering
conf/msr/2007,2007,software_engineering
conf/msr/2008,2008,software_engineering
conf/msr/2009,2009,software_engineering
conf/msr/2010,2010,software_engineering
conf/msr/2011,2011,software_engineering
conf/msr/2012,2012,software_engineering
conf/msr/2013,2013,software_engineering
conf/msr/2014,2014,software_engineering
conf/msr/2015,2015,software_engineering
conf/msr/2016,2016,software_engineering
conf/scam/2001,2001,software_engineering
conf/scam/2002,2002,software_engineering
conf/scam/2003,2003,software_engineering
conf/scam/2004,2004,software_engineering
conf/scam/2005,2005,software_engineering
conf/scam/2006,2006,software_engineering
conf/scam/2007,2007,software_engineering
conf/scam/2008,2008,software_engineering
conf/scam/2009,2009,software_engineering
conf/scam/2010,2010,software_engineering
conf/scam/2011,2011,software_engineering
conf/scam/2012,2012,software_engineering
conf/scam/2013,2013,software_engineering
conf/scam/2014,2014,software_engineering
conf/scam/2015,2015,software_engineering
conf/wcre/2000,2000,software_engineering
conf/wcre/2001,2001,software_engineering
conf/wcre/2002,2002,software_engineering
conf/wcre/2003,2003,software_engineering
conf/wcre/2004,2004,software_engineering
conf/wcre/2005,2005,software_engineering
conf/wcre/2006,2006,software_engineering
conf/wcre/2007,2007,software_engineering
conf/wcre/2008,2008,software_engineering
conf/wcre/2009,2009,software_engineering
conf/wcre/2010,2010,software_engineering
conf/wcre/2011,2011,software_engineering
conf/wcre/2012,2012,software_engineering
conf/wcre/2013,2013,software_engineering
conf/wcre/2015,2015,software_engineering
conf/wcre/2015pcoda,2015,software_engineering
conf/wcre/2015swan,2015,software_engineering
conf/wcre/2016,2016,software_engineering
conf/wcre/2016iwesep,2016,software_engineering
conf/alt/2000,2000,theory
conf/alt/2001,2001,theory
conf/alt/2002,2002,theory
conf/alt/2003,2003,theory
conf/alt/2004,2004,theory
conf/alt/2005,2005,theory
conf/alt/2006,2006,theory
conf/alt/2007,2007,theory
conf/alt/2008,2008,theory
conf/alt/2009,2009,theory
conf/alt/2010,2010,theory
conf/alt/2011,2011,theory
conf/alt/2012,2012,theory
conf/alt/2013,2013,theory
conf/alt/2014,2014,theory
conf/alt/2015,2015,theory
conf/alt/2016,2016,theory
conf/cade/2000,2000,theory
conf/cade/2001,2001,theory
conf/cade/2002,2002,theory
conf/cade/2003,2003,theory
conf/cade/2004,2004,theory
conf/cade/2004phd,2004,theory
conf/cade/2005,2005,theory
conf/cade/2006,2006,theory
conf/cade/2007,2007,theory
conf/cade/2007esarlt,2007,theory
conf/cade/2007verify,2007,theory
conf/cade/2008,2008,theory
conf/cade/2008paar,2008,theory
conf/cade/2008verify,2008,theory
conf/cade/2009,2009,theory
conf/cade/2010,2010,theory
conf/cade/2010emsqms,2012,theory
conf/cade/2010paar,2012,theory
conf/cade/2010unidl,2010,theory
conf/cade/2010verify,2012,theory
conf/cade/2010wing,2012,theory
conf/cade/2011,2011,theory
conf/cade/2012,2012,theory
conf/cade/2012atx,2013,theory
conf/cade/2012compare,2012,theory
conf/cade/2012paar,2013,theory
conf/cade/2012smt,2013,theory
conf/cade/2012unif,2014,theory
conf/cade/2013,2013,theory
conf/cade/2013pxtp,2013,theory
conf/cade/2014,2014,theory
conf/cade/2014-15vampire,2016,theory
conf/cade/2014arqnl,2015,theory
conf/cade/2014paar,2015,theory
conf/cade/2014pruv,2014,theory
conf/cade/2015,2015,theory
conf/cade/2015bridging,2015,theory
conf/cade/2016,2016,theory
conf/cade/2016paar,2016,theory
conf/cade/2016smt,2016,theory
conf/colt/2000,2000,theory
conf/colt/2001,2001,theory
conf/colt/2002,2002,theory
conf/colt/2003,2003,theory
conf/colt/2004,2004,theory
conf/colt/2005,2005,theory
conf/colt/2006,2006,theory
conf/colt/2007,2007,theory
conf/colt/2008,2008,theory
conf/colt/2009,2009,theory
conf/colt/2010,2010,theory
conf/colt/2012,2012,theory
conf/colt/2013,2013,theory
conf/colt/2014,2014,theory
conf/colt/2015,2015,theory
conf/colt/2016,2016,theory
conf/compgeom/2000,2000,theory
conf/compgeom/2001,2001,theory
conf/compgeom/2002,2002,theory
conf/compgeom/2003,2003,theory
conf/compgeom/2004,2004,theory
conf/compgeom/2005,2005,theory
conf/compgeom/2006,2006,theory
conf/compgeom/2007,2007,theory
conf/compgeom/2008,2008,theory
conf/compgeom/2009,2009,theory
conf/compgeom/2010,2010,theory
conf/compgeom/2011,2011,theory
conf/compgeom/2012,2012,theory
conf/compgeom/2013,2013,theory
conf/compgeom/2014,2014,theory
conf/compgeom/2015,2015,theory
conf/compgeom/2016,2016,theory
conf/concur/2000,2000,theory
conf/concur/2001,2001,theory
conf/concur/2002,2002,theory
conf/concur/2003,2003,theory
conf/concur/2004,2004,theory
conf/concur/2005,2005,theory
conf/concur/2006,2006,theory
conf/concur/2007,2007,theory
conf/concur/2008,2008,theory
conf/concur/2009,2009,theory
conf/concur/2010,2010,theory
conf/concur/2011,2011,theory
conf/concur/2012,2012,theory
conf/concur/2013,2013,theory
conf/concur/2014,2014,theory
conf/concur/2015,2015,theory
conf/concur/2016,2016,theory
conf/crypto/2000,2000,theory
conf/crypto/2001,2001,theory
conf/crypto/2002,2002,theory
conf/crypto/2003,2003,theory
conf/crypto/2004,2004,theory
conf/crypto/2005,2005,theory
conf/crypto/2006,2006,theory
conf/crypto/2007,2007,theory
conf/crypto/2008,2008,theory
conf/crypto/2009,2009,theory
conf/crypto/2010,2010,theory
conf/crypto/2011,2011,theory
conf/crypto/2012,2012,theory
conf/crypto/2013-1,2013,theory
conf/crypto/2013-2,2013,theory
conf/crypto/2014-1,2014,theory
conf/crypto/2014-2,2014,theory
conf/crypto/2015-1,2015,theory
conf/crypto/2015-2,2015,theory
conf/crypto/2016-1,2016,theory
conf/crypto/2016-2,2016,theory
conf/crypto/2016-3,2016,theory
conf/esa/2000,2000,theory
conf/esa/2001,2001,theory
conf/esa/2002,2002,theory
conf/esa/2003,2003,theory
conf/esa/2004,2004,theory
conf/esa/2005,2005,theory
conf/esa/2006,2006,theory
conf/esa/2007,2007,theory
conf/esa/2008,2008,theory
conf/esa/2009,2009,theory
conf/esa/2010-1,2010,theory
conf/esa/2010-2,2010,theory
conf/esa/2011,2011,theory
conf/esa/2012,2012,theory
conf/esa/2013,2013,theory
conf/esa/2014,2014,theory
conf/esa/2015,2015,theory
conf/esa/2016,2016,theory
conf/eurocrypt/2000,2000,theory
conf/eurocrypt/2001,2001,theory
conf/eurocrypt/2002,2002,theory
conf/eurocrypt/2003,2003,theory
conf/eurocrypt/2004,2004,theory
conf/eurocrypt/2005,2005,theory
conf/eurocrypt/2006,2006,theory
conf/eurocrypt/2007,2007,theory
conf/eurocrypt/2008,2008,theory
conf/eurocrypt/2009,2009,theory
conf/eurocrypt/2010,2010,theory
conf/eurocrypt/2011,2011,theory
conf/eurocrypt/2012,2012,theory
conf/eurocrypt/2013,2013,theory
conf/eurocrypt/2014,2014,theory
conf/eurocrypt/2015-1,2015,theory
conf/eurocrypt/2015-2,2015,theory
conf/eurocrypt/2016-1,2016,theory
conf/eurocrypt/2016-2,2016,theory
conf/fsttcs/2000,2000,theory
conf/fsttcs/2001,2001,theory
conf/fsttcs/2002,2002,theory
conf/fsttcs/2003,2003,theory
conf/fsttcs/2004,2004,theory
conf/fsttcs/2005,2005,theory
conf/fsttcs/2006,2006,theory
conf/fsttcs/2007,2007,theory
conf/fsttcs/2008,2008,theory
conf/fsttcs/2009,2009,theory
conf/fsttcs/2010,2010,theory
conf/fsttcs/2011,2011,theory
conf/fsttcs/2012,2012,theory
conf/fsttcs/2013,2013,theory
conf/fsttcs/2014,2014,theory
conf/fsttcs/2015,2015,theory
conf/icalp/2000,2000,theory
conf/icalp/2001,2001,theory
conf/icalp/2002,2002,theory
conf/icalp/2003,2003,theory
conf/icalp/2004,2004,theory
conf/icalp/2005,2005,theory
conf/icalp/2006-1,2006,theory
conf/icalp/2006-2,2006,theory
conf/icalp/2007,2007,theory
conf/icalp/2008-1,2008,theory
conf/icalp/2008-2,2008,theory
conf/icalp/2009-1,2009,theory
conf/icalp/2009-2,2009,theory
conf/icalp/2010-1,2010,theory
conf/icalp/2010-2,2010,theory
conf/icalp/2011-1,2011,theory
conf/icalp/2011-2,2011,theory
conf/icalp/2012-1,2012,theory
conf/icalp/2012-2,2012,theory
conf/icalp/2013-1,2013,theory
conf/icalp/2013-2,2013,theory
conf/icalp/2014-1,2014,theory
conf/icalp/2014-2,2014,theory
conf/icalp/2015-1,2015,theory
conf/icalp/2015-2,2015,theory
conf/icalp/2015nlcs,2015,theory
conf/icalp/2016,2016,theory
conf/ipco/2001,2001,theory
conf/ipco/2002,2002,theory
conf/ipco/2004,2004,theory
conf/ipco/2005,2005,theory
conf/ipco/2007,2007,theory
conf/ipco/2008,2008,theory
conf/ipco/2010,2010,theory
conf/ipco/2011,2011,theory
conf/ipco/2013,2013,theory
conf/ipco/2014,2014,theory
conf/ipco/2016,2016,theory
conf/isaac/2000,2000,theory
conf/isaac/2001,2001,theory
conf/isaac/2002,2002,theory
conf/isaac/2003,2003,theory
conf/isaac/2004,2004,theory
conf/isaac/2005,2005,theory
conf/isaac/2006,2006,theory
conf/isaac/2007,2007,theory
conf/isaac/2008,2008,theory
conf/isaac/2009,2009,theory
conf/isaac/2010-1,2010,theory
conf/isaac/2010-2,2010,theory
conf/isaac/2011,2011,theory
conf/isaac/2012,2012,theory
conf/isaac/2013,2013,theory
conf/isaac/2014,2014,theory
conf/isaac/2015,2015,theory
conf/issac/2000,2000,theory
conf/issac/2001,2001,theory
conf/issac/2002,2002,theory
conf/issac/2003,2003,theory
conf/issac/2004,2004,theory
conf/issac/2005,2005,theory
conf/issac/2006,2006,theory
conf/issac/2007,2007,theory
conf/issac/2007pasco,2007,theory
conf/issac/2007snc,2007,theory
conf/issac/2008,2008,theory
conf/issac/2009,2009,theory
conf/issac/2010,2010,theory
conf/issac/2011,2011,theory
conf/issac/2012,2012,theory
conf/issac/2013,2013,theory
conf/issac/2014,2014,theory
conf/issac/2015,2015,theory
conf/issac/2016,2016,theory
conf/latin/2000,2000,theory
conf/latin/2002,2002,theory
conf/latin/2004,2004,theory
conf/latin/2006,2006,theory
conf/latin/2008,2008,theory
conf/latin/2010,2010,theory
conf/latin/2012,2012,theory
conf/latin/2014,2014,theory
conf/latin/2016,2016,theory
conf/lfcs/2007,2007,theory
conf/lfcs/2009,2009,theory
conf/lfcs/2013,2013,theory
conf/lfcs/2016,2016,theory
conf/lics/2000,2000,theory
conf/lics/2001,2001,theory
conf/lics/2002,2002,theory
conf/lics/2003,2003,theory
conf/lics/2004,2004,theory
conf/lics/2005,2005,theory
conf/lics/2006,2006,theory
conf/lics/2007,2007,theory
conf/lics/2008,2008,theory
conf/lics/2009,2009,theory
conf/lics/2010,2010,theory
conf/lics/2010lam,2012,theory
conf/lics/2010pspl,2013,theory
conf/lics/2011,2011,theory
conf/lics/2012,2012,theory
conf/lics/2013,2013,theory
conf/lics/2015,2015,theory
conf/lics/2016,2016,theory
conf/mfcs/2000,2000,theory
conf/mfcs/2001,2001,theory
conf/mfcs/2002,2002,theory
conf/mfcs/2003,2003,theory
conf/mfcs/2004,2004,theory
conf/mfcs/2005,2005,theory
conf/mfcs/2006,2006,theory
conf/mfcs/2007,2007,theory
conf/mfcs/2008,2008,theory
conf/mfcs/2009,2009,theory
conf/mfcs/2010,2010,theory
conf/mfcs/2011,2011,theory
conf/mfcs/2012,2012,theory
conf/mfcs/2013,2013,theory
conf/mfcs/2014-1,2014,theory
conf/mfcs/2014-2,2014,theory
conf/mfcs/2015-1,2015,theory
conf/mfcs/2015-2,2015,theory
conf/mfcs/2016,2016,theory
conf/podc/2000,2000,theory
conf/podc/2001,2001,theory
conf/podc/2002,2002,theory
conf/podc/2003,2003,theory
conf/podc/2004,2004,theory
conf/podc/2005,2005,theory
conf/podc/2006,2006,theory
conf/podc/2007,2007,theory
conf/podc/2008,2008,theory
conf/podc/2009,2009,theory
conf/podc/2010,2010,theory
conf/podc/2010wras,2010,theory
conf/podc/2011,2011,theory
conf/podc/2012,2012,theory
conf/podc/2013,2013,theory
conf/podc/2014,2014,theory
conf/podc/2014armscc,2014,theory
conf/podc/2015,2015,theory
conf/podc/2015armscc,2015,theory
conf/podc/2016,2016,theory
conf/recomb/2002snp,2004,theory
conf/recomb/2004,2004,theory
conf/recomb/2004rcg,2005,theory
conf/recomb/2004rrg,2005,theory
conf/recomb/2005,2005,theory
conf/recomb/2005rcg,2005,theory
conf/recomb/2005sbrg,2006,theory
conf/recomb/2006,2006,theory
conf/recomb/2006rcg,2006,theory
conf/recomb/2006sbcp,2007,theory
conf/recomb/2007,2007,theory
conf/recomb/2007cg,2007,theory
conf/recomb/2008,2008,theory
conf/recomb/2008cg,2008,theory
conf/recomb/2009,2009,theory
conf/recomb/2009cg,2009,theory
conf/recomb/2010,2010,theory
conf/recomb/2010cg,2010,theory
conf/recomb/2011,2011,theory
conf/recomb/2012,2012,theory
conf/recomb/2013,2013,theory
conf/recomb/2014,2014,theory
conf/recomb/2015,2015,theory
conf/recomb/2016,2016,theory
conf/spaa/2003,2003,theory
conf/spaa/2004,2004,theory
conf/spaa/2005,2005,theory
conf/spaa/2006,2006,theory
conf/spaa/2007,2007,theory
conf/spaa/2008,2008,theory
conf/spaa/2009,2009,theory
conf/spaa/2010,2010,theory
conf/spaa/2011,2011,theory
conf/spaa/2012,2012,theory
conf/spaa/2013,2013,theory
conf/spaa/2014,2014,theory
conf/spaa/2015,2015,theory
conf/spaa/2016,2016,theory
conf/stacs/2000,2000,theory
conf/stacs/2001,2001,theory
conf/stacs/2002,2002,theory
conf/stacs/2003,2003,theory
conf/stacs/2004,2004,theory
conf/stacs/2005,2005,theory
conf/stacs/2006,2006,theory
conf/stacs/2007,2007,theory
conf/stacs/2008,2008,theory
conf/stacs/2009,2009,theory
conf/stacs/2010,2010,theory
conf/stacs/2011,2011,theory
conf/stacs/2012,2012,theory
conf/stacs/2013,2013,theory
conf/stacs/2014,2014,theory
conf/stacs/2015,2015,theory
conf/stacs/2016,2016,theory
conf/swat/2000,2000,theory
conf/swat/2002,2002,theory
conf/swat/2004,2004,theory
conf/swat/2006,2006,theory
conf/swat/2008,2008,theory
conf/swat/2010,2010,theory
conf/swat/2012,2012,theory
conf/swat/2014,2014,theory
conf/swat/2016,2016,theory
conf/wads/2001,2001,theory
conf/wads/2003,2003,theory
conf/wads/2005,2005,theory
conf/wads/2007,2007,theory
conf/wads/2009,2009,theory
conf/wads/2011,2011,theory
conf/wads/2013,2013,theory
conf/wads/2015,2015,theory
conf/wdag/2000,2000,theory
conf/wdag/2001,2001,theory
conf/wdag/2002,2002,theory
conf/wdag/2003,2003,theory
conf/wdag/2004,2004,theory
conf/wdag/2005,2005,theory
conf/wdag/2006,2006,theory
conf/wdag/2007,2007,theory
conf/wdag/2008,2008,theory
conf/wdag/2009,2009,theory
conf/wdag/2010,2010,theory
conf/wdag/2011,2011,theory
conf/wdag/2012,2012,theory
conf/wdag/2013,2013,theory
conf/wdag/2014,2014,theory
conf/wdag/2015,2015,theory
conf/wdag/2016,2016,theory
